{
	"credit": "Made with Blockbench",
	"ambientocclusion": false,
	"textures": {
		"particle": "create:block/bars/brass_bars_edge",
		"edge": "create:block/bars/brass_bars_edge",
		"bars": "create:block/bars/brass_bars"
	},
	"elements": [
		{
			"from": [7, 0, 8],
			"to": [9, 16, 9],
			"faces": {
				"north": {"uv": [7, 0, 9, 16], "texture": "#edge"},
				"east": {"uv": [16, 0, 15, 16], "texture": "#bars"},
				"south": {"uv": [7, 0, 9, 16], "texture": "#edge"},
				"west": {"uv": [15, 0, 16, 16], "texture": "#bars"},
				"up": {"uv": [7, 15, 9, 16], "texture": "#edge"},
				"down": {"uv": [7, 0, 9, 1], "texture": "#edge"}
			}
		},
		{
			"from": [7, 0, 9],
			"to": [9, 16, 9],
			"faces": {
				"north": {"uv": [9, 0, 7, 16], "texture": "#edge"},
				"south": {"uv": [7, 0, 9, 16], "texture": "#edge"}
			}
		}
	]
}