{
	"credit": "Made with Blockbench",
	"ambientocclusion": false,
	"textures": {
		"edge": "create:block/bars/brass_bars_edge",
		"particle": "create:block/bars/brass_bars"
	},
	"elements": [
		{
			"from": [7, 0.05, 7],
			"to": [9, 0.05, 9],
			"faces": {
				"up": {"uv": [14, 0, 16, 2], "texture": "#edge"},
				"down": {"uv": [14, 0, 16, 2], "texture": "#edge"}
			}
		},
		{
			"from": [7, 15.95, 7],
			"to": [9, 15.95, 9],
			"faces": {
				"up": {"uv": [14, 0, 16, 2], "texture": "#edge"},
				"down": {"uv": [14, 0, 16, 2], "texture": "#edge"}
			}
		}
	]
}