{
	"credit": "Made with Blockbench",
	"ambientocclusion": false,
	"textures": {
		"particle": "create:block/bars/brass_bars_edge",
		"edge": "create:block/bars/brass_bars_edge",
		"bars": "create:block/bars/brass_bars"
	},
	"elements": [
		{
			"from": [7, 0, 8],
			"to": [9, 16, 16],
			"faces": {
				"east": {"uv": [0, 0, 8, 16], "texture": "#bars"},
				"west": {"uv": [8, 0, 16, 16], "texture": "#bars"}
			}
		},
		{
			"from": [7, 0, 9],
			"to": [9, 16, 16],
			"faces": {
				"south": {"uv": [7, 0, 9, 16], "texture": "#edge", "cullface": "south"},
				"up": {"uv": [7, 9, 9, 16], "texture": "#edge"},
				"down": {"uv": [9, 9, 7, 16], "texture": "#edge"}
			}
		},
		{
			"from": [7, 0.05, 9],
			"to": [9, 0.05, 16],
			"faces": {
				"up": {"uv": [7, 9, 9, 16], "texture": "#edge"},
				"down": {"uv": [9, 9, 7, 16], "texture": "#edge"}
			}
		},
		{
			"from": [7, 15.95, 9],
			"to": [9, 15.95, 16],
			"faces": {
				"up": {"uv": [7, 9, 9, 16], "texture": "#edge"},
				"down": {"uv": [9, 9, 7, 16], "texture": "#edge"}
			}
		}
	]
}