{
	"credit": "Made with Blockbench",
	"ambientocclusion": false,
	"textures": {
		"particle": "create:block/bars/brass_bars",
		"bars": "create:block/bars/brass_bars",
		"edge": "create:block/bars/brass_bars_edge"
	},
	"elements": [
		{
			"from": [7, 0, 0],
			"to": [9, 16, 8],
			"faces": {
				"east": {"uv": [8, 0, 16, 16], "texture": "#bars"},
				"west": {"uv": [0, 0, 8, 16], "texture": "#bars"}
			}
		},
		{
			"from": [7, 0, 0],
			"to": [9, 16, 7],
			"faces": {
				"north": {"uv": [7, 0, 9, 16], "texture": "#edge", "cullface": "north"}
			}
		},
		{
			"from": [7, 0.05, 0],
			"to": [9, 0.05, 7],
			"faces": {
				"up": {"uv": [7, 0, 9, 7], "texture": "#edge"},
				"down": {"uv": [9, 0, 7, 7], "texture": "#edge"}
			}
		},
		{
			"from": [7, 15.95, 0],
			"to": [9, 15.95, 7],
			"faces": {
				"up": {"uv": [7, 0, 9, 7], "texture": "#edge"},
				"down": {"uv": [9, 0, 7, 7], "texture": "#edge"}
			}
		}
	]
}