{
	"credit": "Made with Blockbench",
	"parent": "block/block",
	"textures": {
		"0": "create:block/brass_door_side",
		"2": "create:block/brass_door_bottom",
		"particle": "create:block/train_trapdoor"
	},
	"elements": [
		{
			"name": "border - bottom",
			"from": [0, 0, 0],
			"to": [3, 2, 16],
			"faces": {
				"north": {"uv": [2, 0, 0, 3], "rotation": 90, "texture": "#0"},
				"east": {"uv": [0, 14, 16, 16], "texture": "#2"},
				"south": {"uv": [2, 0, 0, 3], "rotation": 90, "texture": "#0"},
				"west": {"uv": [0, 14, 16, 16], "texture": "#2"},
				"up": {"uv": [0, 0, 16, 3], "rotation": 90, "texture": "#0"},
				"down": {"uv": [0, 0, 16, 3], "rotation": 90, "texture": "#0"}
			}
		},
		{
			"name": "border - right",
			"from": [0, 2, 0],
			"to": [3, 16, 2],
			"faces": {
				"north": {"uv": [2, 4, 16, 7], "rotation": 90, "texture": "#0"},
				"east": {"uv": [14, 0, 16, 14], "texture": "#2"},
				"south": {"uv": [0, 0, 14, 3], "rotation": 90, "texture": "#0"},
				"west": {"uv": [0, 0, 2, 14], "texture": "#2"},
				"up": {"uv": [0, 0, 2, 3], "rotation": 90, "texture": "#0"},
				"down": {"uv": [0, 0, 2, 3], "rotation": 90, "texture": "#0"}
			}
		},
		{
			"name": "metal middle",
			"from": [0.5, 2, 2],
			"to": [2.5, 16, 14],
			"faces": {
				"north": {"uv": [0, 0.5, 11, 2.5], "rotation": 90, "texture": "#0"},
				"east": {"uv": [2, 0, 14, 14], "texture": "#2"},
				"south": {"uv": [0, 0.5, 11, 2.5], "rotation": 90, "texture": "#0"},
				"west": {"uv": [2, 0, 14, 14], "texture": "#2"}
			}
		},
		{
			"name": "border - left",
			"from": [0, 2, 14],
			"to": [3, 16, 16],
			"faces": {
				"north": {"uv": [0, 0, 14, 3], "rotation": 90, "texture": "#0"},
				"east": {"uv": [0, 0, 2, 14], "texture": "#2"},
				"south": {"uv": [2, 4, 16, 7], "rotation": 90, "texture": "#0"},
				"west": {"uv": [14, 0, 16, 14], "texture": "#2"},
				"up": {"uv": [0, 0, 2, 3], "rotation": 90, "texture": "#0"},
				"down": {"uv": [0, 0, 2, 3], "rotation": 90, "texture": "#0"}
			}
		}
	],
	"groups": [
		{
			"name": "bottom",
			"origin": [0, 0, 0],
			"color": 0,
			"children": [0, 1, 2, 3]
		}
	]
}