{
	"credit": "Made by swimfreak aka niceguynate",
	"parent": "item/door",
	"textures": {
		"0": "create:block/andesite_door_side",
		"2": "create:block/andesite_door_bottom",
		"3": "create:block/andesite_door_top",
		"particle": "create:block/train_trapdoor"
	},
	"elements": [
		{
			"from": [1.5, 16, 2],
			"to": [3.5, 30, 7],
			"faces": {
				"north": {"uv": [0, 0, 2, 14], "texture": "#0"},
				"east": {"uv": [7, 2, 2, 16], "texture": "#3"},
				"south": {"uv": [0, 0, 2, 14], "texture": "#0"},
				"west": {"uv": [2, 2, 7, 16], "texture": "#3"},
				"up": {"uv": [0, 0, 2, 5], "texture": "#0"},
				"down": {"uv": [0, 0, 2, 5], "texture": "#0"}
			}
		},
		{
			"from": [1, 16, 0],
			"to": [4, 32, 2],
			"faces": {
				"north": {"uv": [16, 4, 0, 7], "rotation": 270, "texture": "#0"},
				"east": {"uv": [2, 0, 0, 16], "texture": "#3"},
				"south": {"uv": [0, 4, 16, 7], "rotation": 270, "texture": "#0"},
				"west": {"uv": [0, 0, 2, 16], "texture": "#3"},
				"up": {"uv": [0, 0, 2, 3], "rotation": 90, "texture": "#0"},
				"down": {"uv": [2, 8, 0, 11], "rotation": 90, "texture": "#0"}
			}
		},
		{
			"from": [1, 16, 7],
			"to": [4, 32, 8],
			"faces": {
				"north": {"uv": [0, 12, 16, 15], "rotation": 270, "texture": "#0"},
				"east": {"uv": [8, 0, 7, 16], "texture": "#3"},
				"south": {"uv": [0, 12, 16, 15], "rotation": 270, "texture": "#0"},
				"west": {"uv": [7, 0, 8, 16], "texture": "#3"},
				"up": {"uv": [5.5, 0, 6.5, 3], "rotation": 90, "texture": "#0"},
				"down": {"uv": [5, 12, 6, 15], "rotation": 90, "texture": "#0"}
			}
		},
		{
			"from": [1, 30, 2],
			"to": [4, 32, 7],
			"faces": {
				"north": {"uv": [0, 0, 3, 2], "texture": "#0"},
				"east": {"uv": [7, 0, 2, 2], "texture": "#3"},
				"south": {"uv": [0, 0, 3, 2], "texture": "#0"},
				"west": {"uv": [2, 0, 7, 2], "texture": "#3"},
				"up": {"uv": [1, 0, 6, 3], "rotation": 90, "texture": "#0"},
				"down": {"uv": [1, 12, 6, 15], "rotation": 90, "texture": "#0"}
			}
		},
		{
			"from": [1.5, 16, 9],
			"to": [3.5, 30, 14],
			"rotation": {"angle": 0, "axis": "y", "origin": [1.5, 0, 12]},
			"faces": {
				"north": {"uv": [0, 0, 2, 14], "texture": "#0"},
				"east": {"uv": [14, 2, 9, 16], "texture": "#3"},
				"south": {"uv": [0, 0, 2, 14], "texture": "#0"},
				"west": {"uv": [9, 2, 14, 16], "texture": "#3"},
				"up": {"uv": [0, 0, 2, 5], "rotation": 180, "texture": "#0"},
				"down": {"uv": [0, 0, 2, 5], "rotation": 180, "texture": "#0"}
			}
		},
		{
			"from": [1, 16, 14],
			"to": [4, 32, 16],
			"rotation": {"angle": 0, "axis": "y", "origin": [1.5, 0, 12]},
			"faces": {
				"north": {"uv": [0, 4, 16, 7], "rotation": 270, "texture": "#0"},
				"east": {"uv": [16, 0, 14, 16], "texture": "#3"},
				"south": {"uv": [16, 4, 0, 7], "rotation": 270, "texture": "#0"},
				"west": {"uv": [14, 0, 16, 16], "texture": "#3"},
				"up": {"uv": [2, 0, 0, 3], "rotation": 90, "texture": "#0"},
				"down": {"uv": [16, 0, 14, 3], "rotation": 270, "texture": "#0"}
			}
		},
		{
			"from": [1, 16, 8],
			"to": [4, 32, 9],
			"rotation": {"angle": 0, "axis": "y", "origin": [1.5, 0, 12]},
			"faces": {
				"north": {"uv": [0, 12, 16, 15], "rotation": 270, "texture": "#0"},
				"east": {"uv": [9, 0, 8, 16], "texture": "#3"},
				"south": {"uv": [0, 12, 16, 15], "rotation": 270, "texture": "#0"},
				"west": {"uv": [8, 0, 9, 16], "texture": "#3"},
				"up": {"uv": [6, 0, 7, 3], "rotation": 90, "texture": "#0"},
				"down": {"uv": [5, 12, 6, 15], "rotation": 270, "texture": "#0"}
			}
		},
		{
			"from": [1, 30, 9],
			"to": [4, 32, 14],
			"rotation": {"angle": 0, "axis": "y", "origin": [1.5, 0, 12]},
			"faces": {
				"north": {"uv": [0, 0, 3, 2], "texture": "#0"},
				"east": {"uv": [14, 0, 9, 2], "texture": "#3"},
				"south": {"uv": [0, 0, 3, 2], "texture": "#0"},
				"west": {"uv": [9, 0, 14, 2], "texture": "#3"},
				"up": {"uv": [1, 0, 6, 3], "rotation": 270, "texture": "#0"},
				"down": {"uv": [1, 12, 6, 15], "rotation": 270, "texture": "#0"}
			}
		},
		{
			"from": [1, 0, 0],
			"to": [4, 16, 2],
			"faces": {
				"north": {"uv": [0, 12, 16, 15], "rotation": 270, "texture": "#0"},
				"east": {"uv": [2, 0, 0, 16], "texture": "#2"},
				"south": {"uv": [0, 12, 16, 15], "rotation": 270, "texture": "#0"},
				"west": {"uv": [0, 0, 2, 16], "texture": "#2"},
				"up": {"uv": [0, 0, 0, 0], "texture": "#0"},
				"down": {"uv": [2, 8, 0, 11], "rotation": 90, "texture": "#0"}
			}
		},
		{
			"from": [1, 0, 7],
			"to": [4, 16, 8],
			"faces": {
				"north": {"uv": [0, 12, 16, 15], "rotation": 270, "texture": "#0"},
				"east": {"uv": [8, 0, 7, 16], "texture": "#2"},
				"south": {"uv": [0, 12, 16, 15], "rotation": 270, "texture": "#0"},
				"west": {"uv": [7, 0, 8, 16], "texture": "#2"},
				"up": {"uv": [0, 0, 0, 0], "texture": "#0"},
				"down": {"uv": [5, 12, 6, 15], "rotation": 90, "texture": "#0"}
			}
		},
		{
			"from": [1, 0, 2],
			"to": [4, 2, 7],
			"faces": {
				"north": {"uv": [0, 0, 3, 2], "texture": "#0"},
				"east": {"uv": [7, 14, 2, 16], "texture": "#2"},
				"south": {"uv": [0, 0, 3, 2], "texture": "#0"},
				"west": {"uv": [2, 14, 7, 16], "texture": "#2"},
				"up": {"uv": [1, 0, 6, 3], "rotation": 90, "texture": "#0"},
				"down": {"uv": [1, 12, 6, 15], "rotation": 90, "texture": "#0"}
			}
		},
		{
			"from": [1.5, 2, 2],
			"to": [3.5, 16, 7],
			"faces": {
				"north": {"uv": [0, 0, 2, 14], "texture": "#0"},
				"east": {"uv": [7, 0, 2, 14], "texture": "#2"},
				"south": {"uv": [0, 0, 2, 14], "texture": "#0"},
				"west": {"uv": [2, 0, 7, 14], "texture": "#2"},
				"up": {"uv": [0, 0, 2, 5], "texture": "#0"},
				"down": {"uv": [0, 0, 2, 5], "texture": "#0"}
			}
		},
		{
			"from": [1.5, 2, 9],
			"to": [3.5, 16, 14],
			"rotation": {"angle": 0, "axis": "y", "origin": [1.5, 0, 12]},
			"faces": {
				"north": {"uv": [0, 0, 2, 14], "texture": "#0"},
				"east": {"uv": [14, 0, 9, 14], "texture": "#2"},
				"south": {"uv": [0, 0, 2, 14], "texture": "#0"},
				"west": {"uv": [9, 0, 14, 14], "texture": "#2"},
				"up": {"uv": [0, 0, 2, 5], "rotation": 180, "texture": "#0"},
				"down": {"uv": [0, 0, 2, 5], "rotation": 180, "texture": "#0"}
			}
		},
		{
			"from": [1, 0, 14],
			"to": [4, 16, 16],
			"rotation": {"angle": 0, "axis": "y", "origin": [1.5, 0, 12]},
			"faces": {
				"north": {"uv": [0, 12, 16, 15], "rotation": 270, "texture": "#0"},
				"east": {"uv": [16, 0, 14, 16], "texture": "#2"},
				"south": {"uv": [0, 12, 16, 15], "rotation": 270, "texture": "#0"},
				"west": {"uv": [14, 0, 16, 16], "texture": "#2"},
				"up": {"uv": [0, 0, 0, 0], "rotation": 180, "texture": "#0"},
				"down": {"uv": [2, 8, 0, 11], "rotation": 270, "texture": "#0"}
			}
		},
		{
			"from": [1, 0, 8],
			"to": [4, 16, 9],
			"rotation": {"angle": 0, "axis": "y", "origin": [1.5, 0, 12]},
			"faces": {
				"north": {"uv": [0, 12, 16, 15], "rotation": 270, "texture": "#0"},
				"east": {"uv": [9, 0, 8, 16], "texture": "#2"},
				"south": {"uv": [0, 12, 16, 15], "rotation": 270, "texture": "#0"},
				"west": {"uv": [8, 0, 9, 16], "texture": "#2"},
				"up": {"uv": [0, 0, 0, 0], "rotation": 180, "texture": "#0"},
				"down": {"uv": [5, 12, 6, 15], "rotation": 270, "texture": "#0"}
			}
		},
		{
			"from": [1, 0, 9],
			"to": [4, 2, 14],
			"rotation": {"angle": 0, "axis": "y", "origin": [1.5, 0, 12]},
			"faces": {
				"north": {"uv": [0, 0, 3, 2], "texture": "#0"},
				"east": {"uv": [14, 14, 9, 16], "texture": "#2"},
				"south": {"uv": [0, 0, 3, 2], "texture": "#0"},
				"west": {"uv": [9, 14, 14, 16], "texture": "#2"},
				"up": {"uv": [1, 0, 6, 3], "rotation": 270, "texture": "#0"},
				"down": {"uv": [1, 12, 6, 15], "rotation": 270, "texture": "#0"}
			}
		}
	],
	"groups": [
		{
			"name": "top",
			"origin": [0, 0, 0],
			"color": 0,
			"children": [0, 1, 2, 3, 4, 5, 6, 7]
		},
		{
			"name": "bottom",
			"origin": [0, 0, 0],
			"color": 0,
			"children": [8, 9, 10, 11, 12, 13, 14, 15]
		}
	]
}