{
	"credit": "Made by swimfreak aka niceguynate",
	"parent": "item/door",
	"textures": {
		"0": "create:block/brass_door_side",
		"2": "create:block/brass_door_bottom",
		"3": "create:block/brass_door_top",
		"particle": "create:block/train_trapdoor"
	},
	"elements": [
		{
			"name": "border - bottom",
			"from": [1, 0, 0],
			"to": [4, 2, 16],
			"faces": {
				"north": {"uv": [2, 0, 0, 3], "rotation": 90, "texture": "#0"},
				"east": {"uv": [0, 14, 16, 16], "texture": "#2"},
				"south": {"uv": [2, 0, 0, 3], "rotation": 90, "texture": "#0"},
				"west": {"uv": [0, 14, 16, 16], "texture": "#2"},
				"up": {"uv": [0, 0, 16, 3], "rotation": 90, "texture": "#0"},
				"down": {"uv": [0, 0, 16, 3], "rotation": 90, "texture": "#0"}
			}
		},
		{
			"name": "border - right",
			"from": [1, 2, 0],
			"to": [4, 16, 2],
			"faces": {
				"north": {"uv": [2, 4, 16, 7], "rotation": 90, "texture": "#0"},
				"east": {"uv": [14, 0, 16, 14], "texture": "#2"},
				"south": {"uv": [0, 0, 14, 3], "rotation": 90, "texture": "#0"},
				"west": {"uv": [0, 0, 2, 14], "texture": "#2"},
				"up": {"uv": [0, 0, 2, 3], "rotation": 90, "texture": "#0"},
				"down": {"uv": [0, 0, 2, 3], "rotation": 90, "texture": "#0"}
			}
		},
		{
			"name": "metal middle",
			"from": [1.5, 2, 2],
			"to": [3.5, 16, 14],
			"faces": {
				"north": {"uv": [0, 0.5, 11, 2.5], "rotation": 90, "texture": "#0"},
				"east": {"uv": [2, 0, 14, 14], "texture": "#2"},
				"south": {"uv": [0, 0.5, 11, 2.5], "rotation": 90, "texture": "#0"},
				"west": {"uv": [2, 0, 14, 14], "texture": "#2"}
			}
		},
		{
			"name": "border - left",
			"from": [1, 2, 14],
			"to": [4, 16, 16],
			"faces": {
				"north": {"uv": [0, 0, 14, 3], "rotation": 90, "texture": "#0"},
				"east": {"uv": [0, 0, 2, 14], "texture": "#2"},
				"south": {"uv": [2, 4, 16, 7], "rotation": 90, "texture": "#0"},
				"west": {"uv": [14, 0, 16, 14], "texture": "#2"},
				"up": {"uv": [0, 0, 2, 3], "rotation": 90, "texture": "#0"},
				"down": {"uv": [0, 0, 2, 3], "rotation": 90, "texture": "#0"}
			}
		},
		{
			"name": "border - top",
			"from": [1, 30, 0],
			"to": [4, 32, 16],
			"faces": {
				"north": {"uv": [0, 0, 2, 3], "rotation": 90, "texture": "#0"},
				"east": {"uv": [0, 0, 16, 2], "texture": "#3"},
				"south": {"uv": [0, 0, 2, 3], "rotation": 90, "texture": "#0"},
				"west": {"uv": [0, 0, 16, 2], "texture": "#3"},
				"up": {"uv": [0, 0, 16, 3], "rotation": 90, "texture": "#0"},
				"down": {"uv": [0, 0, 16, 3], "rotation": 90, "texture": "#0"}
			}
		},
		{
			"name": "border - right",
			"from": [1, 16, 0],
			"to": [4, 30, 2],
			"faces": {
				"north": {"uv": [2, 4, 16, 7], "rotation": 90, "texture": "#0"},
				"east": {"uv": [14, 2, 16, 16], "texture": "#3"},
				"south": {"uv": [0, 0, 14, 3], "rotation": 90, "texture": "#0"},
				"west": {"uv": [0, 2, 2, 16], "texture": "#3"},
				"up": {"uv": [0, 0, 2, 3], "rotation": 90, "texture": "#0"},
				"down": {"uv": [0, 0, 2, 3], "rotation": 90, "texture": "#0"}
			}
		},
		{
			"name": "metal middle",
			"from": [1.5, 16, 2],
			"to": [3.5, 30, 14],
			"faces": {
				"north": {"uv": [0, 0.5, 11, 2.5], "rotation": 90, "texture": "#0"},
				"east": {"uv": [2, 2, 14, 16], "texture": "#3"},
				"south": {"uv": [0, 0.5, 11, 2.5], "rotation": 90, "texture": "#0"},
				"west": {"uv": [2, 2, 14, 16], "texture": "#3"}
			}
		},
		{
			"name": "border - left",
			"from": [1, 16, 14],
			"to": [4, 30, 16],
			"faces": {
				"north": {"uv": [0, 0, 14, 3], "rotation": 90, "texture": "#0"},
				"east": {"uv": [0, 2, 2, 16], "texture": "#3"},
				"south": {"uv": [2, 4, 16, 7], "rotation": 90, "texture": "#0"},
				"west": {"uv": [14, 2, 16, 16], "texture": "#3"},
				"up": {"uv": [0, 0, 2, 3], "rotation": 90, "texture": "#0"},
				"down": {"uv": [0, 0, 2, 3], "rotation": 90, "texture": "#0"}
			}
		},
		{
			"name": "outer - cube left big",
			"from": [1, 29, 13],
			"to": [4, 30, 14],
			"faces": {
				"north": {"uv": [0, 0, 1, 3], "rotation": 90, "texture": "#0"},
				"east": {"uv": [2, 2, 3, 3], "texture": "#3"},
				"south": {"uv": [0, 0, 1, 3], "rotation": 90, "texture": "#0"},
				"west": {"uv": [13, 2, 14, 3], "texture": "#3"},
				"up": {"uv": [0, 0, 1, 3], "rotation": 90, "texture": "#0"},
				"down": {"uv": [0, 0, 1, 3], "rotation": 90, "texture": "#0"}
			}
		},
		{
			"name": "outer - cube left big",
			"from": [1, 29.5, 12.5],
			"to": [4, 30, 13],
			"faces": {
				"north": {"uv": [0, 0, 3, 0.5], "texture": "#0"},
				"east": {"uv": [3, 2, 3.5, 2.5], "texture": "#3"},
				"south": {"uv": [0, 0, 3, 0.5], "texture": "#0"},
				"west": {"uv": [12.5, 2, 13, 2.5], "texture": "#3"},
				"up": {"uv": [0, 0, 3, 0.5], "texture": "#0"},
				"down": {"uv": [0, 0, 3, 0.5], "texture": "#0"}
			}
		},
		{
			"name": "outer - cube left big",
			"from": [1, 28.5, 13.5],
			"to": [4, 29, 14],
			"faces": {
				"north": {"uv": [0, 0, 3, 0.5], "texture": "#0"},
				"east": {"uv": [2, 3, 2.5, 3.5], "texture": "#3"},
				"south": {"uv": [0, 0, 3, 0.5], "texture": "#0"},
				"west": {"uv": [13.5, 3, 14, 3.5], "texture": "#3"},
				"up": {"uv": [0, 0, 3, 0.5], "texture": "#0"},
				"down": {"uv": [0, 0, 3, 0.5], "texture": "#0"}
			}
		},
		{
			"name": "outer - cube left big",
			"from": [1, 28.5, 2],
			"to": [4, 29, 2.5],
			"faces": {
				"north": {"uv": [0, 0, 3, 0.5], "texture": "#0"},
				"east": {"uv": [2, 3, 2.5, 3.5], "texture": "#3"},
				"south": {"uv": [0, 0, 3, 0.5], "texture": "#0"},
				"west": {"uv": [13.5, 3, 14, 3.5], "texture": "#3"},
				"up": {"uv": [0, 0, 3, 0.5], "texture": "#0"},
				"down": {"uv": [0, 0, 3, 0.5], "texture": "#0"}
			}
		},
		{
			"name": "outer - cube left big",
			"from": [1, 29, 2],
			"to": [4, 30, 3],
			"faces": {
				"north": {"uv": [0, 0, 1, 3], "rotation": 90, "texture": "#0"},
				"east": {"uv": [2, 2, 3, 3], "texture": "#3"},
				"south": {"uv": [0, 0, 3, 1], "rotation": 180, "texture": "#0"},
				"west": {"uv": [13, 2, 14, 3], "texture": "#3"},
				"up": {"uv": [0, 0, 1, 3], "rotation": 90, "texture": "#0"},
				"down": {"uv": [0, 0, 1, 3], "rotation": 90, "texture": "#0"}
			}
		},
		{
			"name": "outer - cube left big",
			"from": [1, 29.5, 3],
			"to": [4, 30, 3.5],
			"faces": {
				"north": {"uv": [0, 0, 3, 0.5], "texture": "#0"},
				"east": {"uv": [3, 2, 3.5, 2.5], "texture": "#3"},
				"south": {"uv": [0, 0, 3, 0.5], "texture": "#0"},
				"west": {"uv": [12.5, 2, 13, 2.5], "texture": "#3"},
				"up": {"uv": [0, 0, 3, 0.5], "texture": "#0"},
				"down": {"uv": [0, 0, 3, 0.5], "texture": "#0"}
			}
		}
	],
	"groups": [
		{
			"name": "bottom",
			"origin": [0, 0, 0],
			"color": 0,
			"children": [0, 1, 2, 3]
		},
		{
			"name": "top",
			"origin": [0, 0, 0],
			"color": 0,
			"children": [4, 5, 6, 7, 8, 9, 10, 11, 12, 13]
		}
	]
}