{
	"credit": "Made by swimfreak aka niceguynate",
	"parent": "item/door",
	"textures": {
		"0": "create:block/train_door_side",
		"2": "create:block/train_door_bottom",
		"3": "create:block/train_door_top",
		"particle": "create:block/train_trapdoor"
	},
	"elements": [
		{
			"name": "border - bottom",
			"from": [1, 0, 0],
			"to": [4, 2, 16],
			"faces": {
				"north": {"uv": [0, 0, 2, 3], "rotation": 90, "texture": "#0"},
				"east": {"uv": [0, 14, 16, 16], "texture": "#2"},
				"south": {"uv": [0, 0, 2, 3], "rotation": 90, "texture": "#0"},
				"west": {"uv": [0, 14, 16, 16], "texture": "#2"},
				"up": {"uv": [0, 0, 16, 3], "rotation": 90, "texture": "#0"},
				"down": {"uv": [0, 0, 16, 3], "rotation": 90, "texture": "#0"}
			}
		},
		{
			"name": "border - right",
			"from": [1, 2, 0],
			"to": [4, 16, 2],
			"faces": {
				"north": {"uv": [2, 0, 16, 3], "rotation": 90, "texture": "#0"},
				"east": {"uv": [14, 0, 16, 14], "texture": "#2"},
				"south": {"uv": [0, 0, 14, 3], "rotation": 90, "texture": "#0"},
				"west": {"uv": [0, 0, 2, 14], "texture": "#2"},
				"up": {"uv": [0, 0, 2, 3], "rotation": 90, "texture": "#0"},
				"down": {"uv": [0, 0, 2, 3], "rotation": 90, "texture": "#0"}
			}
		},
		{
			"name": "metal left",
			"from": [1.5, 13, 12],
			"to": [3.5, 16, 14],
			"faces": {
				"north": {"uv": [0, 0, 2, 3], "texture": "#0"},
				"east": {"uv": [2, 0, 4, 3], "texture": "#2"},
				"south": {"uv": [0, 0, 2, 3], "texture": "#0"},
				"west": {"uv": [12, 0, 14, 3], "texture": "#2"},
				"up": {"uv": [0, 0, 2, 2], "texture": "#0"},
				"down": {"uv": [0, 0, 2, 2], "texture": "#0"}
			}
		},
		{
			"name": "metal right",
			"from": [1.5, 13, 2],
			"to": [3.5, 16, 4],
			"faces": {
				"north": {"uv": [0, 0, 2, 3], "texture": "#0"},
				"east": {"uv": [12, 0, 14, 3], "texture": "#2"},
				"south": {"uv": [0, 0, 2, 3], "texture": "#0"},
				"west": {"uv": [2, 0, 4, 3], "texture": "#2"},
				"up": {"uv": [0, 0, 2, 2], "texture": "#0"},
				"down": {"uv": [0, 0, 2, 2], "texture": "#0"}
			}
		},
		{
			"name": "metal middle",
			"from": [1.5, 2, 2],
			"to": [3.5, 13, 14],
			"faces": {
				"north": {"uv": [0, 0.5, 11, 2.5], "rotation": 90, "texture": "#0"},
				"east": {"uv": [2, 3, 14, 14], "texture": "#2"},
				"south": {"uv": [0, 0.5, 11, 2.5], "rotation": 90, "texture": "#0"},
				"west": {"uv": [2, 3, 14, 14], "texture": "#2"},
				"up": {"uv": [0, 0.5, 12, 2.5], "rotation": 90, "texture": "#0"},
				"down": {"uv": [0, 0.5, 12, 2.5], "rotation": 90, "texture": "#0"}
			}
		},
		{
			"name": "border - left",
			"from": [1, 2, 14],
			"to": [4, 16, 16],
			"faces": {
				"north": {"uv": [0, 0, 14, 3], "rotation": 90, "texture": "#0"},
				"east": {"uv": [0, 0, 2, 14], "texture": "#2"},
				"south": {"uv": [2, 0, 16, 3], "rotation": 90, "texture": "#0"},
				"west": {"uv": [14, 0, 16, 14], "texture": "#2"},
				"up": {"uv": [0, 0, 2, 3], "rotation": 90, "texture": "#0"},
				"down": {"uv": [0, 0, 2, 3], "rotation": 90, "texture": "#0"}
			}
		},
		{
			"name": "inner - left",
			"from": [1, 13, 11],
			"to": [4, 16, 12],
			"faces": {
				"north": {"uv": [0, 0, 3, 3], "rotation": 90, "texture": "#0"},
				"east": {"uv": [4, 0, 5, 3], "texture": "#2"},
				"south": {"uv": [0, 0, 3, 3], "rotation": 90, "texture": "#0"},
				"west": {"uv": [11, 0, 12, 3], "texture": "#2"},
				"up": {"uv": [0, 0, 3, 1], "texture": "#0"},
				"down": {"uv": [0, 0, 3, 1], "texture": "#0"}
			}
		},
		{
			"name": "inner - right",
			"from": [1, 13, 4],
			"to": [4, 16, 5],
			"faces": {
				"north": {"uv": [0, 0, 3, 3], "rotation": 90, "texture": "#0"},
				"east": {"uv": [11, 0, 12, 3], "texture": "#2"},
				"south": {"uv": [0, 0, 3, 3], "rotation": 90, "texture": "#0"},
				"west": {"uv": [4, 0, 5, 3], "texture": "#2"},
				"up": {"uv": [0, 0, 1, 3], "rotation": 90, "texture": "#0"},
				"down": {"uv": [0, 0, 1, 3], "rotation": 90, "texture": "#0"}
			}
		},
		{
			"name": "inner - bottom",
			"from": [1, 12, 5],
			"to": [4, 13, 11],
			"faces": {
				"north": {"uv": [0, 0, 3, 1], "texture": "#0"},
				"east": {"uv": [5, 3, 11, 4], "texture": "#2"},
				"south": {"uv": [0, 0, 3, 1], "texture": "#0"},
				"west": {"uv": [5, 3, 11, 4], "texture": "#2"},
				"up": {"uv": [5.5, 0, 11.5, 3], "rotation": 90, "texture": "#0"},
				"down": {"uv": [5.5, 0, 11.5, 3], "rotation": 90, "texture": "#0"}
			}
		},
		{
			"name": "inner - cube left",
			"from": [1, 12.5, 10.5],
			"to": [4, 13.5, 11.5],
			"faces": {
				"north": {"uv": [0, 0, 3, 1], "texture": "#0"},
				"east": {"uv": [4.5, 2.5, 5.5, 3.5], "texture": "#2"},
				"south": {"uv": [0, 0, 3, 1], "texture": "#0"},
				"west": {"uv": [10.5, 2.5, 11.5, 3.5], "texture": "#2"},
				"up": {"uv": [0, 0, 3, 1], "texture": "#0"},
				"down": {"uv": [0, 0, 3, 1], "texture": "#0"}
			}
		},
		{
			"name": "inner - cube right",
			"from": [1, 12.5, 4.5],
			"to": [4, 13.5, 5.5],
			"faces": {
				"north": {"uv": [0, 0, 1, 3], "rotation": 90, "texture": "#0"},
				"east": {"uv": [10.5, 2.5, 11.5, 3.5], "texture": "#2"},
				"south": {"uv": [0, 0, 1, 3], "rotation": 90, "texture": "#0"},
				"west": {"uv": [4.5, 2.5, 5.5, 3.5], "texture": "#2"},
				"up": {"uv": [0, 0, 1, 3], "rotation": 90, "texture": "#0"},
				"down": {"uv": [0, 0, 1, 3], "rotation": 90, "texture": "#0"}
			}
		},
		{
			"name": "border - top",
			"from": [1, 30, 0],
			"to": [4, 32, 16],
			"faces": {
				"north": {"uv": [0, 0, 2, 3], "rotation": 90, "texture": "#0"},
				"east": {"uv": [0, 0, 16, 2], "texture": "#3"},
				"south": {"uv": [0, 0, 2, 3], "rotation": 90, "texture": "#0"},
				"west": {"uv": [0, 0, 16, 2], "texture": "#3"},
				"up": {"uv": [0, 0, 16, 3], "rotation": 90, "texture": "#0"},
				"down": {"uv": [0, 0, 16, 3], "rotation": 90, "texture": "#0"}
			}
		},
		{
			"name": "border - right",
			"from": [1, 16, 0],
			"to": [4, 30, 2],
			"faces": {
				"north": {"uv": [2, 0, 16, 3], "rotation": 90, "texture": "#0"},
				"east": {"uv": [14, 2, 16, 16], "texture": "#3"},
				"south": {"uv": [0, 0, 14, 3], "rotation": 90, "texture": "#0"},
				"west": {"uv": [0, 2, 2, 16], "texture": "#3"},
				"up": {"uv": [0, 0, 2, 3], "rotation": 90, "texture": "#0"},
				"down": {"uv": [0, 0, 2, 3], "rotation": 90, "texture": "#0"}
			}
		},
		{
			"name": "metal left",
			"from": [1.5, 16, 12],
			"to": [3.5, 26, 14],
			"faces": {
				"north": {"uv": [0, 0, 2, 3], "texture": "#0"},
				"east": {"uv": [2, 5, 4, 16], "texture": "#3"},
				"south": {"uv": [0, 0, 2, 3], "texture": "#0"},
				"west": {"uv": [12, 5, 14, 16], "texture": "#3"},
				"up": {"uv": [0, 0, 2, 2], "texture": "#0"},
				"down": {"uv": [0, 0, 2, 2], "texture": "#0"}
			}
		},
		{
			"name": "metal right",
			"from": [1.5, 16, 2],
			"to": [3.5, 26, 4],
			"faces": {
				"north": {"uv": [0, 0, 2, 3], "texture": "#0"},
				"east": {"uv": [12, 5, 14, 16], "texture": "#3"},
				"south": {"uv": [0, 0, 2, 3], "texture": "#0"},
				"west": {"uv": [2, 5, 4, 16], "texture": "#3"},
				"up": {"uv": [0, 0, 2, 2], "texture": "#0"},
				"down": {"uv": [0, 0, 2, 2], "texture": "#0"}
			}
		},
		{
			"name": "metal middle",
			"from": [1.5, 26, 2],
			"to": [3.5, 30, 14],
			"faces": {
				"north": {"uv": [0, 0.5, 11, 2.5], "rotation": 90, "texture": "#0"},
				"east": {"uv": [2, 2, 14, 6], "texture": "#3"},
				"south": {"uv": [0, 0.5, 11, 2.5], "rotation": 90, "texture": "#0"},
				"west": {"uv": [2, 2, 14, 6], "texture": "#3"},
				"up": {"uv": [0, 0.5, 12, 2.5], "rotation": 90, "texture": "#0"},
				"down": {"uv": [0, 0.5, 12, 2.5], "rotation": 90, "texture": "#0"}
			}
		},
		{
			"name": "border - left",
			"from": [1, 16, 14],
			"to": [4, 30, 16],
			"faces": {
				"north": {"uv": [0, 0, 14, 3], "rotation": 90, "texture": "#0"},
				"east": {"uv": [0, 2, 2, 16], "texture": "#3"},
				"south": {"uv": [2, 0, 16, 3], "rotation": 90, "texture": "#0"},
				"west": {"uv": [14, 2, 16, 16], "texture": "#3"},
				"up": {"uv": [0, 0, 2, 3], "rotation": 90, "texture": "#0"},
				"down": {"uv": [0, 0, 2, 3], "rotation": 90, "texture": "#0"}
			}
		},
		{
			"name": "inner - left",
			"from": [1, 16, 11],
			"to": [4, 26, 12],
			"faces": {
				"north": {"uv": [0, 0, 3, 3], "rotation": 90, "texture": "#0"},
				"east": {"uv": [4, 6, 5, 16], "texture": "#3"},
				"south": {"uv": [0, 0, 3, 3], "rotation": 90, "texture": "#0"},
				"west": {"uv": [11, 6, 12, 16], "texture": "#3"},
				"up": {"uv": [0, 0, 1, 3], "rotation": 90, "texture": "#0"},
				"down": {"uv": [0, 0, 1, 3], "rotation": 90, "texture": "#0"}
			}
		},
		{
			"name": "inner - right",
			"from": [1, 16, 4],
			"to": [4, 26, 5],
			"faces": {
				"north": {"uv": [0, 0, 3, 3], "rotation": 90, "texture": "#0"},
				"east": {"uv": [11, 6, 12, 16], "texture": "#3"},
				"south": {"uv": [0, 0, 3, 3], "rotation": 90, "texture": "#0"},
				"west": {"uv": [4, 6, 5, 16], "texture": "#3"},
				"up": {"uv": [0, 0, 3, 1], "texture": "#0"},
				"down": {"uv": [0, 0, 3, 1], "texture": "#0"}
			}
		},
		{
			"name": "inner - top",
			"from": [1, 26, 5],
			"to": [4, 27, 11],
			"faces": {
				"north": {"uv": [0, 0, 3, 1], "texture": "#0"},
				"east": {"uv": [5, 5, 11, 6], "texture": "#3"},
				"south": {"uv": [0, 0, 3, 1], "texture": "#0"},
				"west": {"uv": [5, 5, 11, 6], "texture": "#3"},
				"up": {"uv": [5.5, 0, 11.5, 3], "rotation": 90, "texture": "#0"},
				"down": {"uv": [5.5, 0, 11.5, 3], "rotation": 90, "texture": "#0"}
			}
		},
		{
			"name": "inner - cube left",
			"from": [1, 25.5, 10.5],
			"to": [4, 26.5, 11.5],
			"faces": {
				"north": {"uv": [0, 0, 3, 1], "texture": "#0"},
				"east": {"uv": [4.5, 5.5, 5.5, 6.5], "texture": "#3"},
				"south": {"uv": [0, 0, 1, 3], "rotation": 90, "texture": "#0"},
				"west": {"uv": [10.5, 5.5, 11.5, 6.5], "texture": "#3"},
				"up": {"uv": [0, 0, 1, 3], "rotation": 90, "texture": "#0"},
				"down": {"uv": [0, 0, 1, 3], "rotation": 90, "texture": "#0"}
			}
		},
		{
			"name": "outer - cube left big",
			"from": [1, 29, 13],
			"to": [4, 30, 14],
			"faces": {
				"north": {"uv": [0, 0, 1, 3], "rotation": 90, "texture": "#0"},
				"east": {"uv": [2, 2, 3, 3], "texture": "#3"},
				"south": {"uv": [0, 0, 1, 3], "rotation": 90, "texture": "#0"},
				"west": {"uv": [13, 2, 14, 3], "texture": "#3"},
				"up": {"uv": [0, 0, 1, 3], "rotation": 90, "texture": "#0"},
				"down": {"uv": [0, 0, 1, 3], "rotation": 90, "texture": "#0"}
			}
		},
		{
			"name": "outer - cube left big",
			"from": [1, 29.5, 12.5],
			"to": [4, 30, 13],
			"faces": {
				"north": {"uv": [0, 0, 3, 0.5], "texture": "#0"},
				"east": {"uv": [3, 2, 3.5, 2.5], "texture": "#3"},
				"south": {"uv": [0, 0, 3, 0.5], "texture": "#0"},
				"west": {"uv": [12.5, 2, 13, 2.5], "texture": "#3"},
				"up": {"uv": [0, 0, 3, 0.5], "texture": "#0"},
				"down": {"uv": [0, 0, 3, 0.5], "texture": "#0"}
			}
		},
		{
			"name": "outer - cube left big",
			"from": [1, 28.5, 13.5],
			"to": [4, 29, 14],
			"faces": {
				"north": {"uv": [0, 0, 3, 0.5], "texture": "#0"},
				"east": {"uv": [2, 3, 2.5, 3.5], "texture": "#3"},
				"south": {"uv": [0, 0, 3, 0.5], "texture": "#0"},
				"west": {"uv": [13.5, 3, 14, 3.5], "texture": "#3"},
				"up": {"uv": [0, 0, 3, 0.5], "texture": "#0"},
				"down": {"uv": [0, 0, 3, 0.5], "texture": "#0"}
			}
		},
		{
			"name": "outer - cube left big",
			"from": [1, 28.5, 2],
			"to": [4, 29, 2.5],
			"faces": {
				"north": {"uv": [0, 0, 3, 0.5], "texture": "#0"},
				"east": {"uv": [2, 3, 2.5, 3.5], "texture": "#3"},
				"south": {"uv": [0, 0, 3, 0.5], "texture": "#0"},
				"west": {"uv": [13.5, 3, 14, 3.5], "texture": "#3"},
				"up": {"uv": [0, 0, 3, 0.5], "texture": "#0"},
				"down": {"uv": [0, 0, 3, 0.5], "texture": "#0"}
			}
		},
		{
			"name": "outer - cube left big",
			"from": [1, 29, 2],
			"to": [4, 30, 3],
			"faces": {
				"north": {"uv": [0, 0, 1, 3], "rotation": 90, "texture": "#0"},
				"east": {"uv": [2, 2, 3, 3], "texture": "#3"},
				"south": {"uv": [0, 0, 3, 1], "rotation": 180, "texture": "#0"},
				"west": {"uv": [13, 2, 14, 3], "texture": "#3"},
				"up": {"uv": [0, 0, 1, 3], "rotation": 90, "texture": "#0"},
				"down": {"uv": [0, 0, 1, 3], "rotation": 90, "texture": "#0"}
			}
		},
		{
			"name": "outer - cube left big",
			"from": [1, 29.5, 3],
			"to": [4, 30, 3.5],
			"faces": {
				"north": {"uv": [0, 0, 3, 0.5], "texture": "#0"},
				"east": {"uv": [3, 2, 3.5, 2.5], "texture": "#3"},
				"south": {"uv": [0, 0, 3, 0.5], "texture": "#0"},
				"west": {"uv": [12.5, 2, 13, 2.5], "texture": "#3"},
				"up": {"uv": [0, 0, 3, 0.5], "texture": "#0"},
				"down": {"uv": [0, 0, 3, 0.5], "texture": "#0"}
			}
		},
		{
			"name": "inner - cube right",
			"from": [1, 25.5, 4.5],
			"to": [4, 26.5, 5.5],
			"faces": {
				"north": {"uv": [0, 0, 3, 1], "texture": "#0"},
				"east": {"uv": [10.5, 5.5, 11.5, 6.5], "texture": "#3"},
				"south": {"uv": [0, 0, 3, 1], "texture": "#0"},
				"west": {"uv": [4.5, 5.5, 5.5, 6.5], "texture": "#3"},
				"up": {"uv": [0, 0, 3, 1], "texture": "#0"},
				"down": {"uv": [0, 0, 3, 1], "texture": "#0"}
			}
		}
	],
	"groups": [
		{
			"name": "bottom",
			"origin": [0, 0, 0],
			"color": 0,
			"children": [0, 1, 2, 3, 4, 5, 6, 7, 8, 9, 10]
		},
		{
			"name": "top",
			"origin": [0, 0, 0],
			"color": 0,
			"children": [11, 12, 13, 14, 15, 16, 17, 18, 19, 20, 21, 22, 23, 24, 25, 26, 27]
		}
	]
}