{
	"credit": "Made with Blockbench",
	"parent": "block/block",
	"textures": {
		"0": "create:block/copper_door_side",
		"2": "create:block/copper_door_top",
		"3": "create:block/copper_door_bottom",
		"particle": "create:block/andesite_casing"
	},
	"elements": [
		{
			"from": [0.5, 16, 1],
			"to": [2.5, 30, 6],
			"rotation": {"angle": 0, "axis": "y", "origin": [1.5, 0, 12]},
			"faces": {
				"north": {"uv": [0, 0, 2, 14], "texture": "#0"},
				"east": {"uv": [14, 2, 9, 16], "texture": "#2"},
				"south": {"uv": [0, 0, 2, 14], "texture": "#0"},
				"west": {"uv": [9, 2, 14, 16], "texture": "#2"},
				"up": {"uv": [0, 0, 2, 5], "rotation": 180, "texture": "#0"},
				"down": {"uv": [0, 0, 2, 5], "rotation": 180, "texture": "#0"}
			}
		},
		{
			"from": [0, 16, 6],
			"to": [3, 32, 8],
			"rotation": {"angle": 0, "axis": "y", "origin": [1.5, 0, 12]},
			"faces": {
				"north": {"uv": [0, 4, 16, 7], "rotation": 270, "texture": "#0"},
				"east": {"uv": [16, 0, 14, 16], "texture": "#2"},
				"south": {"uv": [16, 4, 0, 7], "rotation": 270, "texture": "#0"},
				"west": {"uv": [14, 0, 16, 16], "texture": "#2"},
				"up": {"uv": [2, 0, 0, 3], "rotation": 90, "texture": "#0"},
				"down": {"uv": [16, 0, 14, 3], "rotation": 270, "texture": "#0"}
			}
		},
		{
			"from": [0, 16, 0],
			"to": [3, 32, 1],
			"rotation": {"angle": 0, "axis": "y", "origin": [1.5, 0, 12]},
			"faces": {
				"north": {"uv": [16, 12, 0, 15], "rotation": 270, "texture": "#0"},
				"east": {"uv": [9, 0, 8, 16], "texture": "#2"},
				"south": {"uv": [0, 12, 16, 15], "rotation": 270, "texture": "#0"},
				"west": {"uv": [8, 0, 9, 16], "texture": "#2"},
				"up": {"uv": [6, 0, 7, 3], "rotation": 90, "texture": "#0"},
				"down": {"uv": [5, 12, 6, 15], "rotation": 270, "texture": "#0"}
			}
		},
		{
			"from": [0, 30, 1],
			"to": [3, 32, 6],
			"rotation": {"angle": 0, "axis": "y", "origin": [1.5, 0, 12]},
			"faces": {
				"north": {"uv": [0, 0, 3, 2], "texture": "#0"},
				"east": {"uv": [14, 0, 9, 2], "texture": "#2"},
				"south": {"uv": [0, 0, 3, 2], "texture": "#0"},
				"west": {"uv": [9, 0, 14, 2], "texture": "#2"},
				"up": {"uv": [1, 0, 6, 3], "rotation": 270, "texture": "#0"},
				"down": {"uv": [1, 12, 6, 15], "rotation": 270, "texture": "#0"}
			}
		},
		{
			"from": [0.5, 2, 1],
			"to": [2.5, 16, 6],
			"rotation": {"angle": 0, "axis": "y", "origin": [1.5, 0, 12]},
			"faces": {
				"north": {"uv": [0, 0, 2, 14], "texture": "#0"},
				"east": {"uv": [14, 0, 9, 14], "texture": "#3"},
				"south": {"uv": [0, 0, 2, 14], "texture": "#0"},
				"west": {"uv": [9, 0, 14, 14], "texture": "#3"},
				"up": {"uv": [0, 0, 2, 5], "rotation": 180, "texture": "#0"},
				"down": {"uv": [0, 0, 2, 5], "rotation": 180, "texture": "#0"}
			}
		},
		{
			"from": [0, 0, 6],
			"to": [3, 16, 8],
			"rotation": {"angle": 0, "axis": "y", "origin": [1.5, 0, 12]},
			"faces": {
				"north": {"uv": [0, 12, 16, 15], "rotation": 270, "texture": "#0"},
				"east": {"uv": [16, 0, 14, 16], "texture": "#3"},
				"south": {"uv": [0, 12, 16, 15], "rotation": 270, "texture": "#0"},
				"west": {"uv": [14, 0, 16, 16], "texture": "#3"},
				"up": {"uv": [0, 0, 0, 0], "rotation": 180, "texture": "#0"},
				"down": {"uv": [2, 8, 0, 11], "rotation": 270, "texture": "#0"}
			}
		},
		{
			"from": [0, 0, 0],
			"to": [3, 16, 1],
			"rotation": {"angle": 0, "axis": "y", "origin": [1.5, 0, 12]},
			"faces": {
				"north": {"uv": [0, 12, 16, 15], "rotation": 270, "texture": "#0"},
				"east": {"uv": [9, 0, 8, 16], "texture": "#3"},
				"south": {"uv": [0, 12, 16, 15], "rotation": 270, "texture": "#0"},
				"west": {"uv": [8, 0, 9, 16], "texture": "#3"},
				"up": {"uv": [0, 0, 0, 0], "rotation": 180, "texture": "#0"},
				"down": {"uv": [5, 12, 6, 15], "rotation": 270, "texture": "#0"}
			}
		},
		{
			"from": [0, 0, 1],
			"to": [3, 2, 6],
			"rotation": {"angle": 0, "axis": "y", "origin": [1.5, 0, 12]},
			"faces": {
				"north": {"uv": [0, 0, 3, 2], "texture": "#0"},
				"east": {"uv": [14, 14, 9, 16], "texture": "#3"},
				"south": {"uv": [0, 0, 3, 2], "texture": "#0"},
				"west": {"uv": [9, 14, 14, 16], "texture": "#3"},
				"up": {"uv": [1, 0, 6, 3], "rotation": 270, "texture": "#0"},
				"down": {"uv": [1, 12, 6, 15], "rotation": 270, "texture": "#0"}
			}
		}
	]
}