{
	"credit": "Made with Blockbench",
	"parent": "block/block",
	"textures": {
		"0": "create:block/andesite_door_side",
		"2": "create:block/andesite_door_top",
		"3": "create:block/andesite_door_bottom",
		"particle": "create:block/andesite_casing"
	},
	"elements": [
		{
			"from": [0.5, 16, 2],
			"to": [2.5, 30, 7],
			"faces": {
				"north": {"uv": [0, 0, 2, 14], "texture": "#0"},
				"east": {"uv": [7, 2, 2, 16], "texture": "#2"},
				"south": {"uv": [0, 0, 2, 14], "texture": "#0"},
				"west": {"uv": [2, 2, 7, 16], "texture": "#2"},
				"up": {"uv": [0, 0, 2, 5], "texture": "#0"},
				"down": {"uv": [0, 0, 2, 5], "texture": "#0"}
			}
		},
		{
			"from": [0, 16, 0],
			"to": [3, 32, 2],
			"faces": {
				"north": {"uv": [16, 4, 0, 7], "rotation": 270, "texture": "#0"},
				"east": {"uv": [2, 0, 0, 16], "texture": "#2"},
				"south": {"uv": [0, 4, 16, 7], "rotation": 270, "texture": "#0"},
				"west": {"uv": [0, 0, 2, 16], "texture": "#2"},
				"up": {"uv": [0, 0, 2, 3], "rotation": 90, "texture": "#0"},
				"down": {"uv": [2, 8, 0, 11], "rotation": 90, "texture": "#0"}
			}
		},
		{
			"from": [0, 16, 7],
			"to": [3, 32, 8],
			"faces": {
				"north": {"uv": [0, 12, 16, 15], "rotation": 270, "texture": "#0"},
				"east": {"uv": [8, 0, 7, 16], "texture": "#2"},
				"south": {"uv": [16, 12, 0, 15], "rotation": 270, "texture": "#0"},
				"west": {"uv": [7, 0, 8, 16], "texture": "#2"},
				"up": {"uv": [5.5, 0, 6.5, 3], "rotation": 90, "texture": "#0"},
				"down": {"uv": [5, 12, 6, 15], "rotation": 90, "texture": "#0"}
			}
		},
		{
			"from": [0, 30, 2],
			"to": [3, 32, 7],
			"faces": {
				"north": {"uv": [0, 0, 3, 2], "texture": "#0"},
				"east": {"uv": [7, 0, 2, 2], "texture": "#2"},
				"south": {"uv": [0, 0, 3, 2], "texture": "#0"},
				"west": {"uv": [2, 0, 7, 2], "texture": "#2"},
				"up": {"uv": [1, 0, 6, 3], "rotation": 90, "texture": "#0"},
				"down": {"uv": [1, 12, 6, 15], "rotation": 90, "texture": "#0"}
			}
		},
		{
			"from": [0, 0, 0],
			"to": [3, 16, 2],
			"faces": {
				"north": {"uv": [0, 12, 16, 15], "rotation": 270, "texture": "#0"},
				"east": {"uv": [2, 0, 0, 16], "texture": "#3"},
				"south": {"uv": [0, 12, 16, 15], "rotation": 270, "texture": "#0"},
				"west": {"uv": [0, 0, 2, 16], "texture": "#3"},
				"up": {"uv": [0, 0, 0, 0], "texture": "#0"},
				"down": {"uv": [2, 8, 0, 11], "rotation": 90, "texture": "#0"}
			}
		},
		{
			"from": [0, 0, 7],
			"to": [3, 16, 8],
			"faces": {
				"north": {"uv": [0, 12, 16, 15], "rotation": 270, "texture": "#0"},
				"east": {"uv": [8, 0, 7, 16], "texture": "#3"},
				"south": {"uv": [0, 12, 16, 15], "rotation": 270, "texture": "#0"},
				"west": {"uv": [7, 0, 8, 16], "texture": "#3"},
				"up": {"uv": [0, 0, 0, 0], "texture": "#0"},
				"down": {"uv": [5, 12, 6, 15], "rotation": 90, "texture": "#0"}
			}
		},
		{
			"from": [0, 0, 2],
			"to": [3, 2, 7],
			"faces": {
				"north": {"uv": [0, 0, 3, 2], "texture": "#0"},
				"east": {"uv": [7, 14, 2, 16], "texture": "#3"},
				"south": {"uv": [0, 0, 3, 2], "texture": "#0"},
				"west": {"uv": [2, 14, 7, 16], "texture": "#3"},
				"up": {"uv": [1, 0, 6, 3], "rotation": 90, "texture": "#0"},
				"down": {"uv": [1, 12, 6, 15], "rotation": 90, "texture": "#0"}
			}
		},
		{
			"from": [0.5, 2, 2],
			"to": [2.5, 16, 7],
			"faces": {
				"north": {"uv": [0, 0, 2, 14], "texture": "#0"},
				"east": {"uv": [7, 0, 2, 14], "texture": "#3"},
				"south": {"uv": [0, 0, 2, 14], "texture": "#0"},
				"west": {"uv": [2, 0, 7, 14], "texture": "#3"},
				"up": {"uv": [0, 0, 2, 5], "texture": "#0"},
				"down": {"uv": [0, 0, 2, 5], "texture": "#0"}
			}
		}
	]
}