{
	"credit": "Made with Blockbench",
	"parent": "block/block",
	"textures": {
		"0": "create:block/train_door_side",
		"2": "create:block/train_door_bottom",
		"particle": "create:block/train_trapdoor"
	},
	"elements": [
		{
			"name": "border - bottom",
			"from": [0, 0, 0],
			"to": [3, 2, 16],
			"faces": {
				"north": {"uv": [0, 0, 2, 3], "rotation": 90, "texture": "#0"},
				"east": {"uv": [0, 14, 16, 16], "texture": "#2"},
				"south": {"uv": [0, 0, 2, 3], "rotation": 90, "texture": "#0"},
				"west": {"uv": [0, 14, 16, 16], "texture": "#2"},
				"up": {"uv": [0, 0, 16, 3], "rotation": 90, "texture": "#0"},
				"down": {"uv": [0, 0, 16, 3], "rotation": 90, "texture": "#0"}
			}
		},
		{
			"name": "border - right",
			"from": [0, 2, 0],
			"to": [3, 16, 2],
			"faces": {
				"north": {"uv": [2, 0, 16, 3], "rotation": 90, "texture": "#0"},
				"east": {"uv": [14, 0, 16, 14], "texture": "#2"},
				"south": {"uv": [0, 0, 14, 3], "rotation": 90, "texture": "#0"},
				"west": {"uv": [0, 0, 2, 14], "texture": "#2"},
				"up": {"uv": [0, 0, 2, 3], "rotation": 90, "texture": "#0"},
				"down": {"uv": [0, 0, 2, 3], "rotation": 90, "texture": "#0"}
			}
		},
		{
			"name": "metal left",
			"from": [0.5, 13, 12],
			"to": [2.5, 16, 14],
			"faces": {
				"north": {"uv": [0, 0, 2, 3], "texture": "#0"},
				"east": {"uv": [2, 0, 4, 3], "texture": "#2"},
				"south": {"uv": [0, 0, 2, 3], "texture": "#0"},
				"west": {"uv": [12, 0, 14, 3], "texture": "#2"},
				"up": {"uv": [0, 0, 2, 2], "texture": "#0"},
				"down": {"uv": [0, 0, 2, 2], "texture": "#0"}
			}
		},
		{
			"name": "metal right",
			"from": [0.5, 13, 2],
			"to": [2.5, 16, 4],
			"faces": {
				"north": {"uv": [0, 0, 2, 3], "texture": "#0"},
				"east": {"uv": [12, 0, 14, 3], "texture": "#2"},
				"south": {"uv": [0, 0, 2, 3], "texture": "#0"},
				"west": {"uv": [2, 0, 4, 3], "texture": "#2"},
				"up": {"uv": [0, 0, 2, 2], "texture": "#0"},
				"down": {"uv": [0, 0, 2, 2], "texture": "#0"}
			}
		},
		{
			"name": "metal middle",
			"from": [0.5, 2, 2],
			"to": [2.5, 13, 14],
			"faces": {
				"north": {"uv": [0, 0.5, 11, 2.5], "rotation": 90, "texture": "#0"},
				"east": {"uv": [2, 3, 14, 14], "texture": "#2"},
				"south": {"uv": [0, 0.5, 11, 2.5], "rotation": 90, "texture": "#0"},
				"west": {"uv": [2, 3, 14, 14], "texture": "#2"},
				"up": {"uv": [0, 0.5, 12, 2.5], "rotation": 90, "texture": "#0"},
				"down": {"uv": [0, 0.5, 12, 2.5], "rotation": 90, "texture": "#0"}
			}
		},
		{
			"name": "border - left",
			"from": [0, 2, 14],
			"to": [3, 16, 16],
			"faces": {
				"north": {"uv": [0, 0, 14, 3], "rotation": 90, "texture": "#0"},
				"east": {"uv": [0, 0, 2, 14], "texture": "#2"},
				"south": {"uv": [2, 0, 16, 3], "rotation": 90, "texture": "#0"},
				"west": {"uv": [14, 0, 16, 14], "texture": "#2"},
				"up": {"uv": [0, 0, 2, 3], "rotation": 90, "texture": "#0"},
				"down": {"uv": [0, 0, 2, 3], "rotation": 90, "texture": "#0"}
			}
		},
		{
			"name": "inner - left",
			"from": [0, 13, 11],
			"to": [3, 16, 12],
			"faces": {
				"north": {"uv": [0, 0, 3, 3], "rotation": 90, "texture": "#0"},
				"east": {"uv": [4, 0, 5, 3], "texture": "#2"},
				"south": {"uv": [0, 0, 3, 3], "rotation": 90, "texture": "#0"},
				"west": {"uv": [11, 0, 12, 3], "texture": "#2"},
				"up": {"uv": [0, 0, 3, 1], "texture": "#0"},
				"down": {"uv": [0, 0, 3, 1], "texture": "#0"}
			}
		},
		{
			"name": "inner - right",
			"from": [0, 13, 4],
			"to": [3, 16, 5],
			"faces": {
				"north": {"uv": [0, 0, 3, 3], "rotation": 90, "texture": "#0"},
				"east": {"uv": [11, 0, 12, 3], "texture": "#2"},
				"south": {"uv": [0, 0, 3, 3], "rotation": 90, "texture": "#0"},
				"west": {"uv": [4, 0, 5, 3], "texture": "#2"},
				"up": {"uv": [0, 0, 1, 3], "rotation": 90, "texture": "#0"},
				"down": {"uv": [0, 0, 1, 3], "rotation": 90, "texture": "#0"}
			}
		},
		{
			"name": "inner - bottom",
			"from": [0, 12, 5],
			"to": [3, 13, 11],
			"faces": {
				"north": {"uv": [0, 0, 3, 1], "texture": "#0"},
				"east": {"uv": [5, 3, 11, 4], "texture": "#2"},
				"south": {"uv": [0, 0, 3, 1], "texture": "#0"},
				"west": {"uv": [5, 3, 11, 4], "texture": "#2"},
				"up": {"uv": [5.5, 0, 11.5, 3], "rotation": 90, "texture": "#0"},
				"down": {"uv": [5.5, 0, 11.5, 3], "rotation": 90, "texture": "#0"}
			}
		},
		{
			"name": "inner - cube left",
			"from": [0, 12.5, 10.5],
			"to": [3, 13.5, 11.5],
			"faces": {
				"north": {"uv": [0, 0, 3, 1], "texture": "#0"},
				"east": {"uv": [4.5, 2.5, 5.5, 3.5], "texture": "#2"},
				"south": {"uv": [0, 0, 3, 1], "texture": "#0"},
				"west": {"uv": [10.5, 2.5, 11.5, 3.5], "texture": "#2"},
				"up": {"uv": [0, 0, 3, 1], "texture": "#0"},
				"down": {"uv": [0, 0, 3, 1], "texture": "#0"}
			}
		},
		{
			"name": "inner - cube right",
			"from": [0, 12.5, 4.5],
			"to": [3, 13.5, 5.5],
			"faces": {
				"north": {"uv": [0, 0, 1, 3], "rotation": 90, "texture": "#0"},
				"east": {"uv": [10.5, 2.5, 11.5, 3.5], "texture": "#2"},
				"south": {"uv": [0, 0, 1, 3], "rotation": 90, "texture": "#0"},
				"west": {"uv": [4.5, 2.5, 5.5, 3.5], "texture": "#2"},
				"up": {"uv": [0, 0, 1, 3], "rotation": 90, "texture": "#0"},
				"down": {"uv": [0, 0, 1, 3], "rotation": 90, "texture": "#0"}
			}
		}
	],
	"groups": [
		{
			"name": "bottom",
			"origin": [0, 0, 0],
			"color": 0,
			"children": [0, 1, 2, 3, 4, 5, 6, 7, 8, 9, 10]
		}
	]
}